Num Procesos,Tiempo Promedio
25,2.8801390988957754
50,3.6801030926340137
100,3.6230524288210013
150,3.4465413725324474
200,3.595475622521311
